pos_x,pos_y,rotation,side,designator,mpn,pack,footprint,value,mount_type
-19.5,-18.5,90.0,bottom,D1,,,Diode_1N4148-SOD123,C81598,smt
-22.5,-44.0,90.0,bottom,D10,,,Diode_1N4148-SOD123,C81598,smt
-19.5,-44.0,90.0,bottom,D11,,,Diode_1N4148-SOD123,C81598,smt
-16.5,-44.0,90.0,bottom,D12,,,Diode_1N4148-SOD123,C81598,smt
-16.5,-51.0,90.0,bottom,D13,,,Diode_1N4148-SOD123,C81598,smt
-19.5,-51.0,90.0,bottom,D14,,,Diode_1N4148-SOD123,C81598,smt
-22.5,-51.0,90.0,bottom,D15,,,Diode_1N4148-SOD123,C81598,smt
-22.5,-62.0,90.0,bottom,D16,,,Diode_1N4148-SOD123,C81598,smt
-19.5,-62.0,90.0,bottom,D17,,,Diode_1N4148-SOD123,C81598,smt
-16.5,-62.0,90.0,bottom,D18,,,Diode_1N4148-SOD123,C81598,smt
22.5,-18.5,-90.0,bottom,D19,,,Diode_1N4148-SOD123,C81598,smt
-19.5,-11.5,90.0,bottom,D2,,,Diode_1N4148-SOD123,C81598,smt
22.5,-11.5,-90.0,bottom,D20,,,Diode_1N4148-SOD123,C81598,smt
19.5,-11.5,-90.0,bottom,D21,,,Diode_1N4148-SOD123,C81598,smt
16.5,-11.5,-90.0,bottom,D22,,,Diode_1N4148-SOD123,C81598,smt
19.5,-18.5,-90.0,bottom,D23,,,Diode_1N4148-SOD123,C81598,smt
16.5,-44.0,-90.0,bottom,D24,,,Diode_1N4148-SOD123,C81598,smt
22.5,-25.5,-90.0,bottom,D25,,,Diode_1N4148-SOD123,C81598,smt
19.5,-25.5,-90.0,bottom,D26,,,Diode_1N4148-SOD123,C81598,smt
16.5,-25.5,-90.0,bottom,D27,,,Diode_1N4148-SOD123,C81598,smt
16.5,-18.5,-90.0,bottom,D28,,,Diode_1N4148-SOD123,C81598,smt
22.5,-51.0,-90.0,bottom,D29,,,Diode_1N4148-SOD123,C81598,smt
-22.5,-11.5,90.0,bottom,D3,,,Diode_1N4148-SOD123,C81598,smt
19.5,-51.0,-90.0,bottom,D30,,,Diode_1N4148-SOD123,C81598,smt
16.5,-51.0,-90.0,bottom,D31,,,Diode_1N4148-SOD123,C81598,smt
22.5,-44.0,-90.0,bottom,D32,,,Diode_1N4148-SOD123,C81598,smt
19.5,-44.0,-90.0,bottom,D33,,,Diode_1N4148-SOD123,C81598,smt
16.5,-62.0,-90.0,bottom,D34,,,Diode_1N4148-SOD123,C81598,smt
19.5,-62.0,-90.0,bottom,D35,,,Diode_1N4148-SOD123,C81598,smt
22.5,-62.0,-90.0,bottom,D36,,,Diode_1N4148-SOD123,C81598,smt
-119.0,-31.7,-90.0,bottom,D37,,,Diode_1N4148-SOD123,C81598,smt
118.997865,-31.699937,-90.0,bottom,D38,,,Diode_1N4148-SOD123,C81598,smt
-16.5,-11.5,90.0,bottom,D4,,,Diode_1N4148-SOD123,C81598,smt
-22.5,-18.5,90.0,bottom,D5,,,Diode_1N4148-SOD123,C81598,smt
-16.5,-18.5,90.0,bottom,D6,,,Diode_1N4148-SOD123,C81598,smt
-22.5,-25.5,90.0,bottom,D7,,,Diode_1N4148-SOD123,C81598,smt
-19.5,-25.5,90.0,bottom,D8,,,Diode_1N4148-SOD123,C81598,smt
-16.5,-25.5,90.0,bottom,D9,,,Diode_1N4148-SOD123,C81598,smt
115.0,-64.9,90.0,bottom,H1,,,Hole_M2-solder-nut-2.5,MountingHole,tht
74.0,-64.9,90.0,bottom,H2,,,Hole_M2-solder-nut-2.5,MountingHole,tht
-115.0,-64.9,-90.0,bottom,H3,,,Hole_M2-solder-nut-2.5,MountingHole,tht
-74.0,-64.9,-90.0,bottom,H4,,,Hole_M2-solder-nut-2.5,MountingHole,tht
14.5,-3.0,180.0,bottom,H5,,,Hole_M2-solder-nut-2.5,MountingHole,tht
-14.5,-3.0,180.0,bottom,H6,,,Hole_M2-solder-nut-2.5,MountingHole,tht
0.0,-67.5,180.0,bottom,H7,,,Hole_M2-solder-nut-2.5,MountingHole,tht
97.5,-64.9,90.0,bottom,J10,,,Connector_Magnetic-12pin,Conn_01x12_Socket,tht
-97.5,-64.9,90.0,top,J11,,,Connector_Magnetic-12pin,Conn_01x12_Socket,tht
18.0,-55.5,-90.0,top,J12,,,Connector_JST-1x02-2.00mm,Conn_01x02_Socket,tht
0.003066,-17.727116,0.0,top,J13,,,MCU_rp2040-helios,RP2040,tht
4.0,-45.0,-90.0,bottom,J2,,,Connector_FFC-12pin-0.5mm-horizontal,C479750,smt
-4.0,-45.0,90.0,bottom,J3,,,Connector_FFC-12pin-0.5mm-horizontal,C479750,smt
-19.5,-34.5,-90.0,bottom,J4,,,Connector_FFC-12pin-0.5mm-horizontal,C479750,smt
19.5,-34.5,90.0,bottom,J5,,,Connector_FFC-12pin-0.5mm-horizontal,C479750,smt
0.0,-21.0,180.0,bottom,J6,,,Display_nice-view,Display_nice-view,tht
-18.0,-57.5,90.0,top,J7,,,Connector_JST-1x02-2.00mm,Conn_01x02_Socket,tht
84.0,-64.9,180.0,bottom,J8,,,Connector_FFC-12pin-0.5mm-vertical,C262499,smt
-84.0,-64.9,180.0,bottom,J9,,,Connector_FFC-12pin-0.5mm-vertical,C262499,smt
-109.5,-18.0,0.0,top,SW1,,,Switch_MXKSChoc-miny-hotswap-chocv2-3d,Switch,tht
-33.5,-32.0,0.0,top,SW10,,,Switch_MXKSChoc-miny-hotswap-chocv2-3d,Switch,tht
-109.5,-50.0,0.0,top,SW11,,,Switch_MXKSChoc-miny-hotswap-chocv2-3d,Switch,tht
-90.5,-44.0,0.0,top,SW12,,,Switch_MXKSChoc-miny-hotswap-chocv2-3d,Switch,tht
-71.5,-40.0,0.0,top,SW13,,,Switch_MXKSChoc-miny-hotswap-chocv2-3d,Switch,tht
-52.5,-46.0,0.0,top,SW14,,,Switch_MXKSChoc-miny-hotswap-chocv2-3d,Switch,tht
-33.5,-48.0,0.0,top,SW15,,,Switch_MXKSChoc-miny-hotswap-chocv2-3d,Switch,tht
-56.5,-70.0,0.0,top,SW16,,,Switch_KSChoc-miny-hotswap-chocv2-3d,Switch,tht
-36.3,-71.8,-10.0,top,SW17,,,Switch_KSChoc-miny-hotswap-chocv2-3d,Switch,tht
-16.7,-77.0,-20.0,top,SW18,,,Switch_KSChoc-miny-hotswap-chocv2-3d,Switch,tht
33.5,-16.0,0.0,top,SW19,,,Switch_MXKSChoc-miny-hotswap-chocv2-3d,Switch,tht
-90.5,-12.0,0.0,top,SW2,,,Switch_MXKSChoc-miny-hotswap-chocv2-3d,Switch,tht
52.5,-14.0,0.0,top,SW20,,,Switch_MXKSChoc-miny-hotswap-chocv2-3d,Switch,tht
71.5,-8.0,0.0,top,SW21,,,Switch_MXKSChoc-miny-hotswap-chocv2-3d,Switch,tht
90.5,-12.0,0.0,top,SW22,,,Switch_MXKSChoc-miny-hotswap-chocv2-3d,Switch,tht
109.5,-18.0,0.0,top,SW23,,,Switch_MXKSChoc-miny-hotswap-chocv2-3d,Switch,tht
33.5,-32.0,0.0,top,SW24,,,Switch_MXKSChoc-miny-hotswap-chocv2-3d,Switch,tht
52.5,-30.0,0.0,top,SW25,,,Switch_MXKSChoc-miny-hotswap-chocv2-3d,Switch,tht
71.5,-24.0,0.0,top,SW26,,,Switch_MXKSChoc-miny-hotswap-chocv2-3d,Switch,tht
90.5,-28.0,0.0,top,SW27,,,Switch_MXKSChoc-miny-hotswap-chocv2-3d,Switch,tht
109.5,-34.0,0.0,top,SW28,,,Switch_MXKSChoc-miny-hotswap-chocv2-3d,Switch,tht
33.5,-48.0,0.0,top,SW29,,,Switch_MXKSChoc-miny-hotswap-chocv2-3d,Switch,tht
-71.5,-8.0,0.0,top,SW3,,,Switch_MXKSChoc-miny-hotswap-chocv2-3d,Switch,tht
52.5,-46.0,0.0,top,SW30,,,Switch_MXKSChoc-miny-hotswap-chocv2-3d,Switch,tht
71.5,-40.0,0.0,top,SW31,,,Switch_MXKSChoc-miny-hotswap-chocv2-3d,Switch,tht
90.5,-44.0,0.0,top,SW32,,,Switch_MXKSChoc-miny-hotswap-chocv2-3d,Switch,tht
109.5,-50.0,0.0,top,SW33,,,Switch_MXKSChoc-miny-hotswap-chocv2-3d,Switch,tht
16.7,-77.0,20.0,top,SW34,,,Switch_KSChoc-miny-hotswap-chocv2-3d,Switch,tht
36.3,-71.8,10.0,top,SW35,,,Switch_KSChoc-miny-hotswap-chocv2-3d,Switch,tht
56.5,-70.0,0.0,top,SW36,,,Switch_KSChoc-miny-hotswap-chocv2-3d,Switch,tht
0.0,-12.0,0.0,top,SW37,,,Button_SW_SPST_SKQG_WithoutStem,SW_Push,smt
0.0,-57.5,0.0,bottom,SW38,,,RotaryEncoder_EC11,RotaryEncoder_Switch,tht
-128.5,-34.0,0.0,top,SW39,,,Switch_MXKSChoc-miny-hotswap-chocv2-3d,Switch,tht
-52.5,-14.0,0.0,top,SW4,,,Switch_MXKSChoc-miny-hotswap-chocv2-3d,Switch,tht
128.5,-34.0,0.0,top,SW40,,,Switch_MXKSChoc-miny-hotswap-chocv2-3d,Switch,tht
-33.5,-16.0,0.0,top,SW5,,,Switch_MXKSChoc-miny-hotswap-chocv2-3d,Switch,tht
-109.5,-34.0,0.0,top,SW6,,,Switch_MXKSChoc-miny-hotswap-chocv2-3d,Switch,tht
-90.5,-28.0,0.0,top,SW7,,,Switch_MXKSChoc-miny-hotswap-chocv2-3d,Switch,tht
-71.5,-24.0,0.0,top,SW8,,,Switch_MXKSChoc-miny-hotswap-chocv2-3d,Switch,tht
-52.5,-30.0,0.0,top,SW9,,,Switch_MXKSChoc-miny-hotswap-chocv2-3d,Switch,tht
